{"class_name": "Sequential", "keras_version": "1.2.1", "config": [{"class_name": "Dense", "config": {"W_constraint": null, "trainable": true, "input_dim": 56, "b_regularizer": null, "input_dtype": "float32", "batch_input_shape": [null, 56], "init": "uniform", "output_dim": 35, "activity_regularizer": null, "bias": true, "activation": "sigmoid", "b_constraint": null, "W_regularizer": null, "name": "dense_1"}}, {"class_name": "Dense", "config": {"W_constraint": null, "trainable": true, "input_dim": 35, "b_regularizer": null, "activation": "linear", "output_dim": 1, "activity_regularizer": null, "bias": true, "init": "normal", "b_constraint": null, "W_regularizer": null, "name": "dense_2"}}]}